Item Name,Category
L-Cup Soup,Food
L-Bowl Soup,Food
L-Soup/Salad,Food
L-Grace's Sal,Food
inn salad,Food
L-Smokehouse Sal,Food
L-Chkn Art Sal,Food
L-Wedge Salad,Food
L-Chicken Pasta,Food
L-Beef Tips/Rice,Food
L-Spaghetti,Food
L-Special $12,Food
L-Special $10,Food
Fruit & Cottage,Food
L-Special $14,Food
*street taco $12,Food
Stuff Mush,Food
Spin Dip,Food
Single Rib,Food
Potato Chips,Food
Half Rack App,Food
Full Rack App,Food
Shrimp cocktail,Food
French Dip,Food
Meatball Sandwic,Food
Chop Beef Sand,Food
Ham & Chz,Food
Beef Sandwich,Food
Pork Sandwich,Food
Sirloin Wrap,Food
Sampler,Food
Chkn Salad Sand,Food
Sandwich Special,Food
Gr Chix Sand,Food
Pulled Pork Fred,Food
Pastrami Sand,Food
Reuben Sand,Food
b.l.a.t.,Food
1/2 French Dip,Food
1/2 b.l.a.t.,Food
1/2 Reuben,Food
Val Rib,Food
1/2 Pastrami,Food
Pulled Pork Macs,Food
1/2 Grace's Sand,Food
Chicken Wrap,Food
Pork Wrap,Food
Sirloin Wrap,Food
Chez & And,Food
One Meatball,Food
Meatball (3) App,Food
-Tacos,Food
Lunch (2) Mtball,Food
Brie Pastry,Food
2 ex Shrimp tail,Food
Hamburger,Food
Dbl HB,Food
Patty Melt,Food
Stacy HB,Food
Low Cal HB,Food
Waitr,Food
One Meatball NU,Food
Waitr $0.50,Food
Pork Belly App,Food
*FAM2=1#,Food
*FAM4=2#,Food
**FAM SPAG,Food
**FAM Lasagna,Food
*EASTER-2,Food
L-7oz Sirloin,Food
L-Gr Chkn,Food
L-Gr Salmon,Food
L-1/2 Rack,Food
L-Full Rack,Food
L-1/2 Chicken,Food
L-Rib Ends,Food
*EASTER-4,Food
L-Sliced Beef,Food
L-Sliced Pork,Food
L-Rib Ends Sp,Food
l- NU,Food
L-9oz Sirloin,Food
L-Taste of Freds,Food
L-Rib Ends,Food
*EASTER-6-8,Food
*Mothers Day 2,Food
*Mothers Day 6-8,Food
*Mothers Day-4,Food
BiteSquad,Food
BiteSquad $.50,Food
BiteSquad $4,Food
Kid Mac/Chz,Food
Kid Lasagna,Food
Kid HB,Food
Kid Spaghetti,Food
Kid Chicken,Food
Grilled Cheese,Food
Kid ChzBurger,Food
Kid 2 Rib,Food
Potato Skins,Food
Beef (2) Sliders,Food
Pork (2) Sliders,Food
French Dip,Food
Cabin Burger,Food
Sirloin wrap NU,Food
Cheese Plate,Food
Andouille Chez,Food
Cabin Pretzel,Food
Wings,Food
Nachos,Food
HH Nachos,Food
HH Beef Sliders,Food
HH Pork Sliders,Food
HH Andouille Chz,Food
HH Cabin Pretzel,Food
HH Shrimp,Food
HH Stuffed Mush,Food
HH Spin Dip,Food
HH Cabin Burger,Food
HH Half Rack,Food
HH Meatball App,Food
HH Sampler,Food
T Slider (3) App,Food
T Slider (2) Din,Food
HH Shrimp NU,Food
Fred's Fries,Food
HH Sirln Sliders,Food
HH T Sliders,Food
Sirln Sliders,Food
HH Fries,Food
Chicken Salad,Food
Inn Salad,Food
Chix Art Salad,Food
Smoke Salad,Food
Salmon Salad,Food
Sliced Sir Salad,Food
HH Wings,Food
Lou's Spaghetti,Food
Fett Alfredo,Food
Basil Chx Pasta,Food
Slice Beef,Food
Slice Pork,Food
Country Ham,Food
Bisc and Grave,Food
7 oz Sirloin,Food
Cuban,Food
Pancakes,Food
Smokehouse Lox,Food
Shrimp Grits,Food
Grilled Shrimp,Food
not working,Food
Filet Benedict,Food
,Food
Pork Benedict ,Food
Buffet Senior,Food
French Toast,Food
Buffet,Food
Omelet,Food
Buffet Kids,Food
Sirloin Benedict,Food
Not Used,Food
Cheesecake,Food
Apple Cobbler,Food
Blckbrry Cobbler,Food
Creme Brulee,Food
Mud Pie,Food
Eggs,Food
Bacon,Food
Wheat Toast,Food
White Toast,Food
Rye Toast,Food
Eng Muffin,Food
Beans,Food
Coleslaw,Food
Potatoes,Food
Fruit,Food
Daily Veg,Food
Chix Art,Food
Lettuce Wedge,Food
Smoke Salad,Food
Shrimp Salad,Food
Steak Salad,Food
Side Salad NU,Food
not used,Food
BQ Smoke Salad,Food
Smoke Chix Sal,Food
Salmon Sal,Food
Buffalo Chix Sal,Food
Randy Chix Sal,Food
Black&Blue Salad,Food
Black & Blue NU,Food
Wine Dinner,Food
Cup Sauce,Food
Bowl Potato,Food
Cup SOD,Food
Bowl SOD,Food
Chix Dum Sal,Food
1/4lb Sirloin,Food
1/2lb Sirloin,Food
Sirloin 1 lb,Food
1/4lb Pork,Food
1/2lb Pork,Food
1 lb Pork,Food
1/4lb Andouille,Food
1/2lb Andouille,Food
1 lb Andouille,Food
Dry Rub,Food
BBQ Sauce ,Food
Pint Of Dressing,Food
Halved Potato,Food
Sirloin Wrap,Food
Bulk Basil Chkn ,Food
Fruit Tray,Food
Mothers Day Lun,Food
Mothers day Kid,Food
BQ Sampler,Food
(25) Meatballs,Food
(50) Meatballs,Food
45 Spin Dip,Food
90 Spin Dip,Food
Lasagna 1/2,Food
Cheez Andou Boar,Food
Smoked Chix,Food
Full Pan Mac&Chz,Food
Half Pan Mac&Chz,Food
Beans Quart,Food
Beans 1/2 Gallon,Food
Beans Gallon,Food
Reg Side 1/2,Food
Stuff Mush 20,Food
Stuff Mush 40,Food
Sliced Pork1 lb,Food
Veg Tray,Food
Cheez Board,Food
Half Basil Ckn,Food
Slaw Gal,Food
Veg1\2 pan,Food
Slaw Quart,Food
Reg Side Full,Food
Turkey,Food
$24 Inclusive,Food
Kids Thanks,Food
Senior Thanks,Food
Full Pan Veggie,Food
Bulk Spaghetti,Food
Bulk Salad ,Food
$25 Inclusive,Food
$0 Pork,Food
$0 Thin Sirloin,Food
$0 7oz,Food
$0 Half Chx,Food
$0 1/2 Rack,Food
Mothers Day Senr,Food
$5 Inclusive,Food
$4 Inclusive,Food
Full Tenderloin,Food
$0 Salmon,Food
$33 Inclusive,Food
Shrimp/lb,Food
Buns/dozen,Food
Not Used,Food
Cookie x1,Food
Lollipop x1,Food
Shrimp 1/2 lb,Food
Fruit & Chz Tray,Food
BQ Salad (50),Food
Full Lasagna,Food
1/2Pan Spaghetti,Food
Prep&Cook Chx,Food
Pulled Pork 1 lb,Food
P Pork w/bun 1lb,Food
Stuff Mush 30,Food
Topping 1/2 pint,Food
Not Used NU,Food
Grace's 1/2 Pint,Food
Grace's Pint,Food
$19 Inclusive,Food
Cheese Tray (40),Food
Potato Sal 1/2,Food
Linen,Food
$25 Inclusive NU,Food
$22 Inclusive,Food
$20 Inclusive,Food
$0 Prima,Food
$0 Spag MtBlls,Food
Napkin,Food
Overlay,Food
$36 Inclusive,Food
$0 Gr Chix,Food
$0 Shrimp Salad,Food
$23 Inclusive,Food
$26 Inclusive,Food
Party Favors,Food
$21 Inclusive,Food
Utensil/Plate,Food
$7.50 Inclusive,Food
Bulk Chips,Food
T-Shirt,Food
Smoked Turkey,Food
Full Pan SwtPots,Food
Rolls/dozen,Food
Cranberry Gallon,Food
Peeled Shrimp/lb,Food
Crostini x1,Food
Sirln w/bun 1lb,Food
@cost Tenderloin,Food
HALF Tenderloin,Food
Pork Wrap,Food
small Chz/Andoul,Food
Open Food,Food
Lou's Spaghetti,Food
Lasagna,Food
Chix Pasta,Food
Off The Dock,Food
Pasta Spc 2,Food
Fett Alfredo,Food
Primavera,Food
Side Soup,Food
Parm Spag,Food
BQ Spag MB,Food
BQ Spring Sauce,Food
BQ Meat Sauce,Food
BQ Primavera,Food
Lingu Clams,Food
Bulk Gal Bev,Food
20 Buffet,Food
Shrimp Scalp,Food
Lou's Spag OP,Food
Chicken Parmesan,Food
Fett Special,Food
Trout Dinner,Food
Salmon Dinner,Food
Gr Shrimp,Food
MAHI MAHI,Food
Shrimp Pasta,Food
Dinner Fish ,Food
9p Peal Eat Shr,Food
Seasonal Fish,Food
10p P&E Shrimp,Food
Salmon Dinner OP,Food
Coke,Food
Diet Coke,Food
Perrier,Food
Sprite,Food
Dr. Pepper,Food
Lemonade,Food
Diet Dr.Pepper,Food
Coffee,Food
Iced Tea,Food
Hot Tea,Food
Water,Food
Fanta,Food
Kid Juice,Food
Sweet Tea,Food
Juice,Food
Milk,Food
Bulk Beverage,Food
Soda,Food
Tonic,Food
Coke Zero,Food
Root Beer,Food
Ginger Beer,Food
Mocktail,Food
Bloody Mary(VOD),Drink
Bloody Mary(TEQ),Drink
Mega Mary(VOD),Drink
Amaretto Sour,Drink
Bay Breeze,Drink
Black Russian,Drink
Cape Cod,Drink
Between Sheets,Drink
Colo Bullbog,Drink
Cosmopolitan,Drink
Cubra Libra,Drink
Cucumber Mar,Drink
Virgin Mary,Drink
Fuzzy Navel,Drink
Greyhound,Drink
Harvey wall,Drink
Long Island,Drink
Apple Jack,Drink
Camp CoCo,Drink
Black Sidecar,Drink
Grind,Drink
Mojito,Drink
Mimosa,Drink
Margarita,Drink
Margarita Patron,Drink
Cinco Mojito,Drink
Mango Mojito,Drink
Raz Mojito,Drink
Cinco Margarita,Drink
Mango Margarita,Drink
Hibiscus,Drink
Pom Margarita,Drink
Grasshopper,Drink
Manhattan,Drink
Gibson,Drink
Gimlet,Drink
Gin Fizz,Drink
John Collins,Drink
Dark & Storm,Drink
Hurricane,Drink
LIT Top Shelf,Drink
Lynchburg Lemona,Drink
Moscow Mule,Drink
Kentucky Mule,Drink
Mai Tai,Drink
Mudslide,Drink
Mint Julep,Drink
Manhattan Bullet,Drink
Irish Coff,Drink
Cafe Mocha,Drink
Ozark Mule,Drink
Mix Berry Mule,Drink
Mango Mule,Drink
Raspberry Mule,Drink
Butter beer,Drink
Ozk Vod Mule,Drink
London Mule,Drink
Mexican Mule,Drink
Cuban Mule,Drink
,Drink
,Drink
Rum Collin,Drink
Rob Roy,Drink
Pink Squirrel,Drink
Salty Dog,Drink
Screwdriver,Drink
Sidecar,Drink
Vodka Sour,Drink
Whiskey Sour,Drink
Spritzer,Drink
Sangria,Drink
RedBull & Titos,Drink
Vodka/RedBull,Drink
Rusty Nail,Drink
Old Fashioned,Drink
Cabin OldFashion,Drink
Smokey Old Fashn,Drink
Sex on Beach,Drink
Teq Sunrise,Drink
Tom Collins,Drink
Top Margarita,Drink
White Russian,Drink
Rum Runner,Drink
Watermelon,Drink
Lemon Drop Marti,Drink
Apple Martini,Drink
Vodka Martini,Drink
Gin Martini,Drink
Choco Martini,Drink
French Martini,Drink
Pom Martini,Drink
Coconut Martini,Drink
Key Lime Martini,Drink
Woo Woo,Drink
Choc Marg,Drink
Gingerbread Mart,Drink
LemonBerry Mart,Drink
$4 Mojito,Drink
$4 Margarita,Drink
Espres Martini,Drink
Grapfruit Cockta,Drink
Pineapple Press,Drink
Blue Rose Marga,Drink
-Drink Special,Drink
Mango Marg,Drink
Sunshine Limeade,Drink
Blue LIT,Drink
Cuc Lime Martini,Drink
Mango Ging Mart,Drink
Lavender Martini,Drink
Gin Special,Drink
Rum Special,Drink
Vodka Special,Drink
Boubon Special,Drink
Punch Special,Drink
Strawberry Beret,Drink
Simple Romance,Drink
Pina Coloda,Drink
Keoke Coffee,Drink
Bushmill coffee,Drink
Jameson Coffee,Drink
Jamaica coffee,Drink
Straw Daquiri,Drink
Peach Daquiri,Drink
Lime Daquiri,Drink
Mudslide,Drink
Irish Coffee,Drink
Cafe Mocha,Drink
Warm Embrace,Drink
Open Liquor,Drink
Open Beer,Drink
Open Wine,Drink
Crown Royal,Drink
Jack Daniels,Drink
Jack Daniels Rye,Drink
SazRac Rye,Drink
RT Bourbon,Drink
Corsair Sm Bourb,Drink
Corsair Rye,Drink
Jack Daniels,Drink
Gentleman Jack,Drink
Makers Mark,Drink
Bakers,Drink
Bushmills,Drink
*Bourbon,Drink
Crown Maple,Drink
*HH Bourbon,Drink
Btl Jack Dan,Drink
Jim Beam,Drink
Jim Devil's Cut,Drink
Knob Creek,Drink
Woodford Reserve,Drink
Basil Hayden,Drink
Buff Trace,Drink
Seagrams VO,Drink
Old 1897,Drink
Jefferson ,Drink
Blantons,Drink
Seagrams 7,Drink
w/Knob Crk,Drink
So Co,Drink
w/Blantons,Drink
Texas Blended Wh,Drink
Jim Beam Black,Drink
Knob Creek Maple,Drink
Wild Turkey,Drink
Weller,Drink
w/Weller,Drink
Bull Rye,Drink
Bulleit ,Drink
Bull 10,Drink
Rocktown Single,Drink
OF Statesman,Drink
Old Forester,Drink
Old Forester1920,Drink
1792,Drink
Knob Creek Rye,Drink
Woodford DoubOak,Drink
Woodford Rye,Drink
Rocktown Hickory,Drink
Redemttion,Drink
Belle Mead,Drink
Proper 12,Drink
Barrell,Drink
w/Barrell,Drink
w/Proper 12,Drink
McKeena,Drink
w/McKenna,Drink
Jameson,Drink
Sexton ,Drink
Hennessy VS,Drink
Courvoisier VS,Drink
Hennessy Privela,Drink
Hennessy XO,Drink
*Gin,Drink
*HH Gin,Drink
Bombay Saph,Drink
Tanqueray,Drink
Beefeater,Drink
Hendricks,Drink
Nolets ,Drink
RT Gin,Drink
Corsair Gin,Drink
Chivas ,Drink
Dewars,Drink
Glenfiddech,Drink
JW Black,Drink
JW Red,Drink
JW Blue,Drink
Canadian Club,Drink
Glenlivet 18,Drink
Glenlivet 25,Drink
Pinch,Drink
Dalmare 12,Drink
JW Green,Drink
Glenfiddech IPA,Drink
GlenDronach 12,Drink
Balvenie 12,Drink
Talisker Storm,Drink
High West AP,Drink
Pendleton MN,Drink
Pendleton,Drink
PendletonRye,Drink
Glenlivet,Drink
*Scotch,Drink
MaCallan 12,Drink
Laphroaig 10,Drink
Oban 14,Drink
MaCallan 18,Drink
Ben Riach 10,Drink
Ardbeg 10,Drink
Cragganmore,Drink
Lagavulin 16,Drink
HighLand Park,Drink
*Tequila,Drink
Sauza Hornitos,Drink
*HH Tequila,Drink
Don Julio 1942,Drink
Don Julio ,Drink
Suaza TresGen,Drink
Patron Anj,Drink
Patron Silver,Drink
Tierra Noble,Drink
Sauza Silver,Drink
Patron Repos,Drink
Corazon Blanco,Drink
Espolon,Drink
*Vodka,Drink
DE Grapefruit,Drink
Ketel 1,Drink
*HH Vodka,Drink
Effin,Drink
Circo Berry,Drink
Effin Berry Bott,Drink
Ketel 1Citron,Drink
Titos,Drink
RT Basil,Drink
Berry Effin,Drink
Grey Goose,Drink
Ciroc,Drink
Ultimat,Drink
Absolut,Drink
Smithworks,Drink
New Amsterdam,Drink
Abs Kurant,Drink
Belvedere,Drink
Skyy,Drink
Abs Vanilla,Drink
Abs Peppar,Drink
Abs Citron,Drink
Amar DiSarrono,Drink
Frangelico,Drink
Baileys,Drink
Five Farms,Drink
Cointreau,Drink
Drambuie,Drink
Tia Maria,Drink
B&B,Drink
Gr Marn 100,Drink
Benedictine,Drink
Kahlua,Drink
Hot Damn,Drink
Tuaca,Drink
Sambuca,Drink
Aperol,Drink
Blanco Vermouth,Drink
Fire Ball,Drink
Cointreau,Drink
Brandy,Drink
Midori,Drink
Patron Citronage,Drink
Rumple,Drink
Southen Comfrt,Drink
St Germain,Drink
Tia Maria,Drink
X Rated,Drink
Chambord,Drink
Gran Marnier,Drink
Jager,Drink
Lemon Drop,Drink
Washington Apple,Drink
Jager Bomb,Drink
Vegas Bomb,Drink
Kamakazi,Drink
Rumchata,Drink
E & J Brandy,Drink
*Rum,Drink
*HH Rum,Drink
Capt Morgan,Drink
Kraken,Drink
Malibu,Drink
Parrot Bay,Drink
Zacapa,Drink
Cruzan Cocnut,Drink
Cruzan Pineapple,Drink
Pyrat Rum,Drink
Bacardi ,Drink
Bacardi Limon,Drink
D- Yuengling,Drink
+HH Yuengling,Drink
D- Cream Stout,Drink
D- Mich Ultra,Drink
D- Lite Draft,Drink
D- Ozk APA,Drink
Budweiser Btl,Drink
Bud Lt Btl,Drink
Ultra Btl,Drink
Stella Btl,Drink
Miller Lt Btl,Drink
Sam Adams Btl,Drink
Coors Lt Btl,Drink
Corona Btl,Drink
D- Summer Shandy,Drink
D- Blue Moon ,Drink
Angry Orchard Bt,Drink
PBR Can,Drink
Heineken Btl,Drink
Guiness Btl,Drink
APA Can,Drink
Belgium,Drink
D- Shock Top,Drink
Fathers Rootbeer,Drink
D- Ozk Belgian,Drink
D- Homewrecker,Drink
Day Drinker,Drink
Hunter October ,Drink
+HH Homewrecker,Drink
HH Lite,Drink
+HH Ultra,Drink
+HH Lite Draft ,Drink
Patio Beer Pbr,Drink
Patio Beer Lite,Drink
Patio Beer Coors,Drink
Patio Beer DayDr,Drink
Patio Beer Stell,Drink
Tank 7,Drink
Amstel Light,Drink
D- Love Honey ,Drink
+HH Ozk APA,Drink
+HH Ozk Belgian,Drink
KBS,Drink
Sam Adams Draft,Drink
Modelo Btl,Drink
Corona 4 Bucket,Drink
+HH Blue Moon,Drink
Yuengling L Buck,Drink
Modelo 4 Bucket,Drink
Miller 4 Bucket,Drink
Ultra 4 Bucket,Drink
D- Corona Premie,Drink
Case Ozark,Drink
Case Bud Light,Drink
Case Miller Lite,Drink
Case Ultra,Drink
Case Lost Forty,Drink
Case Stella,Drink
Case Modelo,Drink
Case Corona,Drink
+HH APA,Drink
Bud Lt 4 Bucket,Drink
D- Sam October,Drink
+HH Love Honey,Drink
+HH Soul Shine,Drink
Tank 7 Bomb,Drink
D- Ozk DIP,Drink
Sierra Nevada,Drink
Yuen 4 Bucket,Drink
Coors 4 Bucket,Drink
D- Yuen October,Drink
Yuengling Bottle,Drink
+HH NP Part,Drink
D- L40 Hunter,Drink
D- Ozk Stout,Drink
+HH Ozk Stout,Drink
D- Ozk Lager,Drink
+HH Ozk Lager,Drink
D- Shiner,Drink
D- NP Part,Drink
D- Yeoman,Drink
D- Fallen Queen,Drink
Case Budweiser,Drink
D- Yuen Black,Drink
Case Heineken,Drink
Case Fat Tire,Drink
+HH Shiner Bock,Drink
+HH Fallen Queen,Drink
D- Yuen Pils,Drink
+HH Yuen Pils,Drink
D- Kolsch Soulsh,Drink
D- Blueberry,Drink
D- Big Sher,Drink
+HH Big Sher,Drink
+HH Corona Premi,Drink
Case Blue Moon,Drink
-Miller 5 Bucket,Drink
Ultra 5 Bucket,Drink
D- Ozk Haze,Drink
+HH Oz Haze,Drink
D- Blk Apple,Drink
D- Pacifico,Drink
+HH Pacifico,Drink
+HH Blk Apple,Drink
D- Founders IPA,Drink
+HH Founders,Drink
D- Ozk IPA,Drink
-Bud Lt 5 Bucket,Drink
Bud 5 Bucket,Drink
Bud 4 Bucket,Drink
Case Yuen Pils,Drink
Case Corona Prem,Drink
-Corona 5 Bucket,Drink
D- Ozk Lager NU,Drink
+HH L40 Hunter,Drink
D- Stella,Drink
+HH Shiner,Drink
Keg Bud Light,Drink
Keg Yuengling,Drink
@cost Case Bud,Drink
@cost Case BudLt,Drink
Case Yuengling,Drink
D- Ozk Hazy IPA,Drink
+HH Hazy IPA,Drink
Peroni,Drink
D- Saint Archer,Drink
+HH Saint Archer,Drink
BTL CAB Caymus,Drink
BTL CAB Silv Oak,Drink
BTL CAB Jordan,Drink
BTL CAB Far Nien,Drink
BTL CH Wil Hill,Drink
BTL CH Ken Jac,Drink
BTL CH Paul Cros,Drink
BTL CH La Crema,Drink
BTL MER Josh,Drink
BTL MER Alexande,Drink
BTL MALB Gascon,Drink
BTL SYR Girarde,Drink
BTL RED Carne Hu,Drink
BTL RED Dr.,Drink
BTL RED Eleanor,Drink
BTL RIES Ch St M,Drink
BTL WT ZIN House,Drink
BTL MOSC Nakd Gr,Drink
BTL PG Santa Ma,Drink
BTL PG Mezza,Drink
BTL PN MacMurray,Drink
BTL PN Guild,Drink
BTL SV Round Pon,Drink
BTL RED Apothic,Drink
BTL SPKL Rosa Di,Drink
BTL CAB Sebastia,Drink
BTL RED Sean Min,Drink
BTL CAB Milbrand,Drink
BTL CAB Kith & K,Drink
BTL CAB H Mtn,Drink
BTL CAB Frank Fa,Drink
BTL Chateau Smit,Drink
Btl Force Zin,Drink
BTL CH Frank F,Drink
BTL Educated Gus,Drink
BTL CAB Handcraf,Drink
BTL PN DarkHorse,Drink
BTL Penfolds Syr,Drink
BTL RED Chianti,Drink
BTL CHAR House,Drink
BTL Canon 13,Drink
BTL SPKL Freixen,Drink
BTL SPKL Rose Ca,Drink
BTL SPKL Dom Per,Drink
BTL SPKL Chandon,Drink
BTL CHAR Handc,Drink
BTL CAB Sean Min,Drink
BTL SV Matua,Drink
BTL SPKL Belasco,Drink
BTL SV Starbour,Drink
BTL SV Kim Craw,Drink
BTL CHAR J Lohr ,Drink
BTL Domaina Malb,Drink
BTL Maquis,Drink
BTL Charles & Ch,Drink
BTL Clark & Telp,Drink
BTL CH Rombauer,Drink
BTL CH MerSoleil,Drink
BTL PN Elouan,Drink
BTL Commuter Cuv,Drink
BTL Scouts Hon,Drink
BTL Lighting,Drink
BTL Zin Knotty,Drink
BTL CABJoel Gott,Drink
BTL Force Zin,Drink
BTL SYR Gayda,Drink
BTL Rose Mutua,Drink
BTL Rose Bousque,Drink
BTL Paraduxx 1/2,Drink
BTL CakeBread ,Drink
BTL Threebrooms,Drink
BTL RED Conundru,Drink
BTL RED Abstract,Drink
BTL Arcudi,Drink
BTL Crossing 1/2,Drink
BTL Freak,Drink
BTL PG Voga,Drink
BTL Bell Port ,Drink
BTL Bell Caret,Drink
BTL CAB Grich Hi,Drink
BTL Kith & K NU,Drink
BTL Round Pond ,Drink
BTL CAB CaymusNU,Drink
BTL Clone Six,Drink
Simi 1/2 Bottle,Drink
BTL Cedar Knoll,Drink
BTL Burly,Drink
BTL Rutherford ,Drink
BTL Titus Andron,Drink
BTL Complicated,Drink
BTL Spann Vin,Drink
BTL Skyfall,Drink
BTL Freakshow,Drink
BTL Rodney Stron,Drink
BTL Eloun,Drink
BTL CH Calcada,Drink
BTL Sonoma-Cut,Drink
BTL Char Cambria,Drink
BTL Cork fee ,Drink
BTL RedFire Zin ,Drink
BTL MER House,Drink
BTL Beringer,Drink
BTL Hess SBlac,Drink
BTL Bread Butter,Drink
BTL SYR Bell,Drink
BTL Temptation,Drink
BTL LaSirena Gr,Drink
BTL Gren LaSiren,Drink
BTL Malb LaSiren,Drink
BTL Barr LaSiren,Drink
BTL Cab LaSirena,Drink
BTL PN Failla,Drink
Case Clark & Tel,Drink
BTL SPKL Veuve C,Drink
Bulk Mezzacorona,Drink
Bulk Dark Horse,Drink
Bulk House Cab,Drink
BTL BQ Naked Gr,Drink
BTL BQ Beringer,Drink
Bulk Voga PG,Drink
BTL SYR Langman,Drink
Bulk House Chard,Drink
Bulk Champagne,Drink
BTL Arcudi 2015,Drink
BTL SV Frenzy,Drink
BTL SV Incline,Drink
BTL CH Mondavi,Drink
BQ DarkHorse,Drink
BQ MOSC Nakd Gr,Drink
BQ CHARD,Drink
Bulk Matua,Drink
Bulk Moscato,Drink
Bulk Merlot,Drink
BTL Last White,Drink
BTL Last Red,Drink
@cost BTL Arcudi,Drink
@cost BTL Chandn,Drink
@cost BTLBelle G,Drink
Case Conundrum,Drink
Bulk Pinot Gris,Drink
@cost BTL Maquis,Drink
@cost BTL Sp Vin,Drink
@cost BTL LangSy,Drink
@cost BTL Cha NU,Drink
@cost BTL Rnd Po,Drink
@cost BTL Rosa C,Drink
@cost BTL P-Fume,Drink
BTL CAB Joseph's,Drink
BTL PG Nina's,Drink
@cost BTL LanPS,Drink
@cost BTL Chard,Drink
CH William Hill,Drink
CH Kend Jackson,Drink
Paul Hobbs Cross,Drink
Gascon,Drink
Beringer ,Drink
Naked Grape,Drink
PG Mezzacorona,Drink
PN MacMurry,Drink
Port Bell ,Drink
Round Pond ,Drink
CAB Sebastiani,Drink
Milbrandt,Drink
*MERLOT House,Drink
Commuter ,Drink
*CAB House,Drink
*PN Darkhorse,Drink
Charles & Charle,Drink
RED Chianti,Drink
*CHARD House,Drink
Maquis ,Drink
Freixe Split,Drink
PN Elouan,Drink
MER Josh,Drink
Sean Minor,Drink
Alexander,Drink
Guild,Drink
SAUV Matua,Drink
CAB  BL Stal,Drink
Kim Crawford,Drink
CHAR J Lohr,Drink
Last Glass,Drink
Red Lighting ,Drink
SAUV Threebro,Drink
**HH Chard,Drink
**HH Cab,Drink
CAB Ladera,Drink
SAUV BL Joel Got,Drink
CAB Joel Gott815,Drink
Bousquet Rose,Drink
